blank,ï»¿EM40647,Port 1,Port 1,Port 1,Port 2,Port 2,Port 2,Port 3,Port 3,Port 3,Port 4,Port 4,Port 4,Port 5,Port 5,Port 5
blank,4882 records,5TE Moisture/Temp/EC,5TE Moisture/Temp/EC,5TE Moisture/Temp/EC,5TE Moisture/Temp/EC,5TE Moisture/Temp/EC,5TE Moisture/Temp/EC,5TE Moisture/Temp/EC,5TE Moisture/Temp/EC,5TE Moisture/Temp/EC,5TE Moisture/Temp/EC,5TE Moisture/Temp/EC,5TE Moisture/Temp/EC,5TE Moisture/Temp/EC,5TE Moisture/Temp/EC,5TE Moisture/Temp/EC
Original Time,Measurement Time,m^3/m^3 VWC,C Temp,mS/cm EC Bulk,m^3/m^3 VWC,C Temp,mS/cm EC Bulk,m^3/m^3 VWC,C Temp,mS/cm EC Bulk,m^3/m^3 VWC,C Temp,mS/cm EC Bulk,m^3/m^3 VWC,C Temp,mS/cm EC Bulk
6/15/2021 4:00 AM,2021-06-15 04:00:00,0.005,21.9,0.00,-0.001,21.7,0.00,0.043,22.3,0.00,0.024,21.4,0.00,-0.006,20.5,0.00
6/15/2021 5:00 AM,2021-06-15 05:00:00,0.004,20.1,0.00,-0.001,20.9,0.00,0.043,20.6,0.00,0.024,20.6,0.00,-0.007,19.1,0.00
6/15/2021 6:00 AM,2021-06-15 06:00:00,0.004,18.6,0.00,-0.002,19.4,0.00,0.043,19.1,0.00,0.024,18.8,0.00,-0.007,17.4,0.00
6/15/2021 7:00 AM,2021-06-15 07:00:00,0.003,13.1,0.00,-0.003,12.6,0.00,0.042,15.3,0.00,0.022,12.1,0.00,-0.008,12.0,0.00
6/15/2021 8:00 AM,2021-06-15 08:00:00,0.003,10.5,0.00,-0.003,9.9,0.00,0.042,13.0,0.00,0.022,9.7,0.00,-0.008,9.2,0.00
6/15/2021 9:00 AM,2021-06-15 09:00:00,0.002,9.3,0.00,-0.004,8.7,0.00,0.042,11.6,0.00,0.022,8.7,0.00,-0.008,7.7,0.00
6/15/2021 10:00 AM,2021-06-15 10:00:00,0.002,8.1,0.00,-0.004,7.5,0.00,0.042,10.4,0.00,0.022,7.6,0.00,-0.008,6.5,0.00
6/15/2021 11:00 AM,2021-06-15 11:00:00,0.002,7.3,0.00,-0.004,6.7,0.00,0.042,9.4,0.00,0.022,6.8,0.00,-0.009,5.6,0.00
6/15/2021 12:00 PM,2021-06-15 12:00:00,0.002,7.0,0.00,-0.004,6.2,0.00,0.042,8.7,0.00,0.022,6.4,0.00,-0.008,5.5,0.00
6/15/2021 1:00 PM,2021-06-15 13:00:00,0.002,9.0,0.00,-0.004,8.3,0.00,0.042,9.3,0.00,0.022,8.6,0.00,-0.008,7.3,0.00
6/15/2021 2:00 PM,2021-06-15 14:00:00,0.006,27.4,0.00,-0.001,20.6,0.00,0.043,15.9,0.00,0.026,19.8,0.00,-0.005,25.9,0.00
6/15/2021 3:00 PM,2021-06-15 15:00:00,0.008,35.0,0.00,0.001,29.1,0.00,0.044,23.8,0.00,0.028,28.8,0.00,-0.003,38.4,0.00
6/15/2021 4:00 PM,2021-06-15 16:00:00,0.009,42.6,0.00,0.003,36.6,0.00,0.044,29.5,0.00,0.029,33.6,0.00,-0.002,46.3,0.00
6/15/2021 5:00 PM,2021-06-15 17:00:00,0.011,52.0,0.00,0.005,45.4,0.00,0.045,35.1,0.00,0.030,40.0,0.00,0.000,55.5,0.00
6/15/2021 6:00 PM,2021-06-15 18:00:00,0.012,54.0,0.00,0.006,52.5,0.00,0.046,43.0,0.00,0.032,48.2,0.00,0.001,59.5,0.00
6/15/2021 7:00 PM,2021-06-15 19:00:00,0.012,54.5,0.00,0.008,60.0,0.00,0.046,48.6,0.00,0.034,55.5,0.00,0.001,60.0,0.00
6/15/2021 8:00 PM,2021-06-15 20:00:00,0.011,54.0,0.00,0.009,63.0,0.00,0.045,51.0,0.00,0.034,59.0,0.00,0.001,60.0,0.00
6/15/2021 9:00 PM,2021-06-15 21:00:00,0.008,38.8,0.00,0.003,42.9,0.00,0.043,43.2,0.00,0.028,40.6,0.00,-0.003,43.5,0.00
6/15/2021 10:00 PM,2021-06-15 22:00:00,0.008,42.4,0.00,0.006,54.0,0.00,0.043,44.5,0.00,0.031,51.0,0.00,-0.001,51.5,0.00
6/15/2021 11:00 PM,2021-06-15 23:00:00,0.006,36.2,0.00,0.003,43.6,0.00,0.042,40.0,0.00,0.027,42.0,0.00,-0.002,43.6,0.00
6/16/2021 12:00 AM,2021-06-16 00:00:00,0.006,37.1,0.00,0.003,44.1,0.00,0.041,39.5,0.00,0.027,43.6,0.00,-0.002,44.8,0.00
6/16/2021 1:00 AM,2021-06-16 01:00:00,0.006,33.3,0.00,0.001,36.2,0.00,0.040,36.6,0.00,0.025,36.1,0.00,-0.005,29.8,0.00
6/16/2021 2:00 AM,2021-06-16 02:00:00,0.004,24.1,0.00,-0.001,24.8,0.00,0.038,27.6,0.00,0.021,24.0,0.00,-0.006,22.8,0.00
6/16/2021 3:00 AM,2021-06-16 03:00:00,0.003,20.2,0.00,-0.002,20.6,0.00,0.038,23.5,0.00,0.020,19.9,0.00,-0.007,19.0,0.00
6/16/2021 4:00 AM,2021-06-16 04:00:00,0.003,17.3,0.00,-0.003,17.3,0.00,0.037,20.3,0.00,0.019,16.7,0.00,-0.007,15.7,0.00
6/16/2021 5:00 AM,2021-06-16 05:00:00,0.002,14.9,0.00,-0.003,14.7,0.00,0.036,17.8,0.00,0.018,14.3,0.00,-0.008,13.6,0.00
6/16/2021 6:00 AM,2021-06-16 06:00:00,0.002,13.1,0.00,-0.004,12.9,0.00,0.036,15.9,0.00,0.018,12.6,0.00,-0.008,11.5,0.00
6/16/2021 7:00 AM,2021-06-16 07:00:00,0.002,11.3,0.00,-0.004,10.9,0.00,0.036,13.9,0.00,0.017,10.6,0.00,-0.008,9.4,0.00
6/16/2021 8:00 AM,2021-06-16 08:00:00,0.002,10.2,0.00,-0.004,9.5,0.00,0.036,12.4,0.00,0.017,9.4,0.00,-0.008,8.0,0.00
6/16/2021 9:00 AM,2021-06-16 09:00:00,0.001,8.5,0.00,-0.004,7.8,0.00,0.035,10.7,0.00,0.017,7.7,0.00,-0.008,6.4,0.00
6/16/2021 10:00 AM,2021-06-16 10:00:00,0.001,7.0,0.00,-0.005,6.2,0.00,0.036,9.3,0.00,0.016,6.3,0.00,-0.009,5.3,0.00
6/16/2021 11:00 AM,2021-06-16 11:00:00,0.001,6.0,0.00,-0.005,5.2,0.00,0.036,8.2,0.00,0.016,5.3,0.00,-0.009,4.5,0.00
6/16/2021 12:00 PM,2021-06-16 12:00:00,0.001,5.9,0.00,-0.005,5.0,0.00,0.036,7.6,0.00,0.016,5.1,0.00,-0.009,3.9,0.00
6/16/2021 1:00 PM,2021-06-16 13:00:00,0.001,5.8,0.00,-0.005,4.8,0.00,0.036,7.1,0.00,0.016,5.1,0.00,-0.009,4.3,0.00
6/16/2021 2:00 PM,2021-06-16 14:00:00,0.004,22.9,0.00,-0.003,14.7,0.00,0.036,12.4,0.00,0.019,13.9,0.00,-0.006,19.5,0.00
6/16/2021 3:00 PM,2021-06-16 15:00:00,0.005,29.0,0.00,-0.002,20.9,0.00,0.038,19.2,0.00,0.020,19.6,0.00,-0.004,31.4,0.00
6/16/2021 4:00 PM,2021-06-16 16:00:00,0.008,38.0,0.00,0.002,34.9,0.00,0.039,27.2,0.00,0.023,31.1,0.00,-0.002,41.1,0.00
6/16/2021 5:00 PM,2021-06-16 17:00:00,0.009,45.0,0.00,0.003,42.6,0.00,0.040,32.6,0.00,0.025,34.5,0.00,-0.001,49.1,0.00
6/16/2021 6:00 PM,2021-06-16 18:00:00,0.010,49.0,0.00,0.005,49.3,0.00,0.041,40.1,0.00,0.028,43.4,0.00,-0.001,53.0,0.00
6/16/2021 7:00 PM,2021-06-16 19:00:00,0.010,50.0,0.00,0.006,54.0,0.00,0.041,46.0,0.00,0.029,50.5,0.00,-0.001,54.5,0.00
6/16/2021 8:00 PM,2021-06-16 20:00:00,0.010,51.0,0.00,0.008,61.0,0.00,0.041,50.0,0.00,0.031,57.0,0.00,-0.001,55.5,0.00
6/16/2021 9:00 PM,2021-06-16 21:00:00,0.008,45.7,0.00,0.006,57.5,0.00,0.040,50.0,0.00,0.029,54.0,0.00,-0.001,55.0,0.00
6/16/2021 10:00 PM,2021-06-16 22:00:00,0.007,41.7,0.00,0.006,59.5,0.00,0.039,48.7,0.00,0.029,55.0,0.00,-0.001,54.5,0.00
6/16/2021 11:00 PM,2021-06-16 23:00:00,0.006,38.3,0.00,0.004,52.5,0.00,0.038,45.8,0.00,0.027,49.9,0.00,-0.001,52.0,0.00
6/17/2021 12:00 AM,2021-06-17 00:00:00,0.005,33.0,0.00,0.002,43.1,0.00,0.036,41.0,0.00,0.024,41.5,0.00,-0.003,43.2,0.00
6/17/2021 1:00 AM,2021-06-17 01:00:00,0.004,28.0,0.00,-0.001,32.2,0.00,0.035,35.7,0.00,0.021,31.9,0.00,-0.006,24.3,0.00
6/17/2021 2:00 AM,2021-06-17 02:00:00,0.003,20.5,0.00,-0.003,21.5,0.00,0.034,26.1,0.00,0.017,20.9,0.00,-0.007,19.0,0.00
6/17/2021 3:00 AM,2021-06-17 03:00:00,0.002,17.8,0.00,-0.003,18.3,0.00,0.033,22.0,0.00,0.017,17.8,0.00,-0.008,16.1,0.00
6/17/2021 4:00 AM,2021-06-17 04:00:00,0.002,14.7,0.00,-0.004,14.8,0.00,0.032,18.5,0.00,0.016,14.3,0.00,-0.008,12.4,0.00
6/17/2021 5:00 AM,2021-06-17 05:00:00,0.001,11.5,0.00,-0.005,11.6,0.00,0.032,15.5,0.00,0.015,11.4,0.00,-0.008,9.9,0.00
6/17/2021 6:00 AM,2021-06-17 06:00:00,0.001,9.7,0.00,-0.005,9.7,0.00,0.031,13.3,0.00,0.014,9.4,0.00,-0.009,8.1,0.00
6/17/2021 7:00 AM,2021-06-17 07:00:00,0.000,7.5,0.00,-0.005,7.2,0.00,0.031,11.1,0.00,0.013,7.0,0.00,-0.009,5.8,0.00
6/17/2021 8:00 AM,2021-06-17 08:00:00,-0.001,6.1,0.00,-0.006,5.7,0.00,0.031,9.4,0.00,0.013,5.6,0.00,-0.009,4.4,0.00
6/17/2021 9:00 AM,2021-06-17 09:00:00,-0.001,4.9,0.00,-0.006,4.5,0.00,0.032,8.1,0.00,0.012,4.5,0.00,-0.009,3.2,0.00
6/17/2021 10:00 AM,2021-06-17 10:00:00,-0.001,4.2,0.00,-0.006,3.6,0.01,0.032,7.0,0.00,0.012,3.8,0.00,-0.009,2.5,0.00
6/17/2021 11:00 AM,2021-06-17 11:00:00,-0.001,3.3,0.00,-0.007,2.5,0.00,0.032,6.0,0.00,0.012,2.7,0.00,-0.009,1.6,0.00
6/17/2021 12:00 PM,2021-06-17 12:00:00,-0.001,3.2,0.00,-0.007,2.5,0.00,0.032,5.4,0.00,0.012,2.8,0.00,-0.009,1.5,0.00
6/17/2021 1:00 PM,2021-06-17 13:00:00,-0.001,3.7,0.00,-0.006,2.9,0.00,0.032,5.4,0.00,0.012,3.3,0.00,-0.009,2.1,0.00
6/17/2021 2:00 PM,2021-06-17 14:00:00,0.003,19.9,0.00,-0.004,12.7,0.00,0.032,10.9,0.00,0.015,12.0,0.00,-0.007,19.0,0.00
6/17/2021 3:00 PM,2021-06-17 15:00:00,0.005,30.0,0.00,-0.002,22.1,0.00,0.033,19.3,0.00,0.017,21.2,0.00,-0.004,32.9,0.00
6/17/2021 4:00 PM,2021-06-17 16:00:00,0.006,37.5,0.00,0.001,35.2,0.00,0.034,27.7,0.00,0.020,31.4,0.00,-0.002,43.2,0.00
6/17/2021 5:00 PM,2021-06-17 17:00:00,0.009,47.0,0.00,0.003,45.1,0.00,0.035,33.8,0.00,0.022,36.9,0.00,-0.001,51.0,0.00
6/17/2021 6:00 PM,2021-06-17 18:00:00,0.010,51.5,0.00,0.005,53.0,0.00,0.036,42.1,0.00,0.025,46.5,0.00,-0.001,55.5,0.00
6/17/2021 7:00 PM,2021-06-17 19:00:00,0.010,52.5,0.00,0.005,56.5,0.00,0.037,47.5,0.00,0.027,53.0,0.00,-0.001,56.5,0.00
6/17/2021 8:00 PM,2021-06-17 20:00:00,0.009,51.5,0.00,0.006,58.5,0.00,0.037,51.0,0.00,0.027,54.5,0.00,-0.001,56.0,0.00
6/17/2021 9:00 PM,2021-06-17 21:00:00,0.008,48.0,0.00,0.006,59.5,0.00,0.036,51.5,0.00,0.027,55.5,0.00,-0.001,56.5,0.00
6/17/2021 10:00 PM,2021-06-17 22:00:00,0.007,42.5,0.00,0.005,58.0,0.00,0.035,49.4,0.00,0.026,53.5,0.00,-0.001,55.5,0.00
6/17/2021 11:00 PM,2021-06-17 23:00:00,0.006,39.7,0.00,0.004,53.5,0.00,0.034,47.1,0.00,0.025,51.0,0.00,-0.001,52.5,0.00
6/18/2021 12:00 AM,2021-06-18 00:00:00,0.005,35.1,0.00,0.002,47.2,0.00,0.033,43.4,0.00,0.023,46.5,0.00,-0.002,45.8,0.00
6/18/2021 1:00 AM,2021-06-18 01:00:00,0.004,29.7,0.00,-0.001,35.3,0.00,0.032,37.9,0.00,0.020,35.8,0.00,-0.006,25.3,0.00
6/18/2021 2:00 AM,2021-06-18 02:00:00,0.002,19.6,0.00,-0.003,21.4,0.00,0.030,26.7,0.00,0.015,20.5,0.00,-0.007,18.4,0.00
6/18/2021 3:00 AM,2021-06-18 03:00:00,0.001,16.6,0.00,-0.004,17.4,0.00,0.030,21.9,0.00,0.014,16.7,0.00,-0.008,15.1,0.00
6/18/2021 4:00 AM,2021-06-18 04:00:00,0.001,14.6,0.00,-0.005,14.8,0.00,0.029,18.4,0.00,0.013,14.5,0.00,-0.008,12.8,0.00
6/18/2021 5:00 AM,2021-06-18 05:00:00,0.001,12.2,0.00,-0.005,12.2,0.00,0.029,15.7,0.00,0.012,11.9,0.00,-0.008,10.4,0.00
6/18/2021 6:00 AM,2021-06-18 06:00:00,0.001,12.1,0.00,-0.005,11.7,0.00,0.028,14.3,0.00,0.012,11.6,0.00,-0.008,10.0,0.00
6/18/2021 7:00 AM,2021-06-18 07:00:00,0.000,10.0,0.00,-0.005,10.1,0.00,0.028,12.8,0.00,0.012,9.9,0.00,-0.009,8.4,0.00
6/18/2021 8:00 AM,2021-06-18 08:00:00,-0.001,7.2,0.00,-0.006,6.9,0.00,0.028,10.4,0.00,0.011,6.6,0.00,-0.009,5.5,0.00
6/18/2021 9:00 AM,2021-06-18 09:00:00,-0.001,5.5,0.00,-0.007,4.8,0.00,0.028,8.6,0.00,0.010,4.7,0.00,-0.009,3.8,0.00
6/18/2021 10:00 AM,2021-06-18 10:00:00,-0.001,4.7,0.00,-0.007,4.3,0.00,0.028,7.6,0.00,0.010,4.3,0.00,-0.009,3.0,0.00
6/18/2021 11:00 AM,2021-06-18 11:00:00,-0.001,3.8,0.00,-0.007,3.3,0.00,0.028,6.5,0.00,0.010,3.3,0.00,-0.010,2.0,0.00
6/18/2021 12:00 PM,2021-06-18 12:00:00,-0.001,2.9,0.00,-0.007,2.1,0.00,0.028,5.3,0.00,0.010,2.2,0.00,-0.010,1.1,0.00
6/18/2021 1:00 PM,2021-06-18 13:00:00,-0.001,3.9,0.00,-0.007,3.1,0.00,0.028,5.5,0.00,0.010,3.4,0.00,-0.009,2.1,0.00
6/18/2021 2:00 PM,2021-06-18 14:00:00,0.002,20.1,0.00,-0.005,12.7,0.00,0.029,10.7,0.00,0.012,12.0,0.00,-0.006,20.3,0.00
6/18/2021 3:00 PM,2021-06-18 15:00:00,0.004,30.6,0.00,-0.003,22.5,0.00,0.030,19.9,0.00,0.015,21.2,0.00,-0.004,34.7,0.00
6/18/2021 4:00 PM,2021-06-18 16:00:00,0.006,38.6,0.00,0.001,36.6,0.00,0.031,28.4,0.00,0.019,32.7,0.00,-0.002,44.5,0.00
6/18/2021 5:00 PM,2021-06-18 17:00:00,0.008,49.2,0.00,0.003,48.1,0.00,0.032,35.3,0.00,0.021,39.5,0.00,-0.001,53.5,0.00
6/18/2021 6:00 PM,2021-06-18 18:00:00,0.009,51.5,0.00,0.004,52.5,0.00,0.033,42.7,0.00,0.023,47.2,0.00,-0.001,57.0,0.00
6/18/2021 7:00 PM,2021-06-18 19:00:00,0.009,53.5,0.00,0.005,55.0,0.00,0.034,47.8,0.00,0.025,51.5,0.00,-0.001,57.5,0.00
6/18/2021 8:00 PM,2021-06-18 20:00:00,0.009,54.0,0.00,0.006,62.0,0.00,0.034,53.0,0.00,0.027,58.5,0.00,-0.001,58.0,0.00
6/18/2021 9:00 PM,2021-06-18 21:00:00,0.008,50.0,0.00,0.006,62.5,0.00,0.033,54.0,0.00,0.027,59.5,0.00,-0.001,58.0,0.00
6/18/2021 10:00 PM,2021-06-18 22:00:00,0.007,45.5,0.00,0.005,62.0,0.00,0.033,52.0,0.00,0.026,58.0,0.00,-0.001,58.0,0.00
6/18/2021 11:00 PM,2021-06-18 23:00:00,0.006,41.8,0.00,0.003,55.5,0.00,0.032,49.2,0.00,0.024,53.0,0.00,-0.001,54.5,0.00
6/19/2021 12:00 AM,2021-06-19 00:00:00,0.005,37.3,0.00,0.002,50.5,0.00,0.031,45.8,0.00,0.022,49.3,0.00,-0.002,47.2,0.00
6/19/2021 1:00 AM,2021-06-19 01:00:00,0.004,32.0,0.00,0.000,38.3,0.00,0.030,40.2,0.00,0.019,38.8,0.00,-0.006,27.7,0.00
6/19/2021 2:00 AM,2021-06-19 02:00:00,0.002,22.1,0.00,-0.003,24.0,0.00,0.028,29.0,0.00,0.015,23.1,0.00,-0.007,20.8,0.00
6/19/2021 3:00 AM,2021-06-19 03:00:00,0.001,18.8,0.00,-0.004,19.8,0.00,0.028,24.1,0.00,0.013,19.0,0.00,-0.008,17.5,0.00
6/19/2021 4:00 AM,2021-06-19 04:00:00,0.001,15.8,0.00,-0.004,16.1,0.00,0.027,20.2,0.00,0.012,15.7,0.00,-0.008,14.1,0.00
6/19/2021 5:00 AM,2021-06-19 05:00:00,0.001,14.4,0.00,-0.005,14.9,0.00,0.027,17.9,0.00,0.012,14.6,0.00,-0.008,13.1,0.00
6/19/2021 6:00 AM,2021-06-19 06:00:00,-0.001,10.8,0.00,-0.005,10.8,0.00,0.026,14.9,0.00,0.011,10.5,0.00,-0.009,9.2,0.00
6/19/2021 7:00 AM,2021-06-19 07:00:00,-0.001,9.8,0.00,-0.006,9.6,0.00,0.026,13.2,0.00,0.010,9.4,0.00,-0.009,8.1,0.00
6/19/2021 8:00 AM,2021-06-19 08:00:00,-0.001,8.4,0.00,-0.006,8.2,0.00,0.026,11.6,0.00,0.010,8.2,0.00,-0.009,6.9,0.00
6/19/2021 9:00 AM,2021-06-19 09:00:00,-0.001,7.1,0.00,-0.006,6.6,0.00,0.026,10.0,0.00,0.010,6.7,0.00,-0.009,5.6,0.00
6/19/2021 10:00 AM,2021-06-19 10:00:00,-0.001,5.9,0.00,-0.007,5.5,0.00,0.026,8.8,0.00,0.010,5.5,0.00,-0.009,4.2,0.00
6/19/2021 11:00 AM,2021-06-19 11:00:00,-0.001,5.5,0.00,-0.007,5.0,0.00,0.026,8.1,0.00,0.009,5.0,0.00,-0.009,3.8,0.00
6/19/2021 12:00 PM,2021-06-19 12:00:00,-0.001,5.2,0.00,-0.007,4.4,0.00,0.026,7.3,0.00,0.009,4.6,0.00,-0.009,3.4,0.00
6/19/2021 1:00 PM,2021-06-19 13:00:00,-0.001,6.9,0.00,-0.006,6.0,0.00,0.026,7.8,0.00,0.010,6.4,0.00,-0.009,5.4,0.00
6/19/2021 2:00 PM,2021-06-19 14:00:00,0.001,18.5,0.00,-0.005,14.2,0.00,0.026,12.4,0.00,0.012,14.5,0.00,-0.007,18.8,0.00
6/19/2021 3:00 PM,2021-06-19 15:00:00,0.002,22.3,0.00,-0.004,19.2,0.00,0.027,17.5,0.00,0.013,19.4,0.00,-0.006,23.7,0.00
6/19/2021 4:00 PM,2021-06-19 16:00:00,0.004,33.3,0.00,-0.002,31.6,0.00,0.028,25.0,0.00,0.017,30.1,0.00,-0.003,37.0,0.00
6/19/2021 5:00 PM,2021-06-19 17:00:00,0.007,43.9,0.00,0.001,41.8,0.00,0.029,31.2,0.00,0.019,36.7,0.00,-0.002,47.0,0.00
6/19/2021 6:00 PM,2021-06-19 18:00:00,0.008,46.9,0.00,0.002,48.5,0.00,0.031,39.6,0.00,0.021,44.9,0.00,-0.001,50.0,0.00
6/19/2021 7:00 PM,2021-06-19 19:00:00,0.008,48.0,0.00,0.003,50.0,0.00,0.031,43.0,0.00,0.022,48.4,0.00,-0.001,52.0,0.00
6/19/2021 8:00 PM,2021-06-19 20:00:00,0.007,46.5,0.00,0.003,50.0,0.00,0.031,43.6,0.00,0.022,49.1,0.00,-0.001,50.5,0.00
6/19/2021 9:00 PM,2021-06-19 21:00:00,0.006,42.4,0.00,0.002,46.6,0.00,0.030,42.8,0.00,0.021,45.5,0.00,-0.002,47.1,0.00
6/19/2021 10:00 PM,2021-06-19 22:00:00,0.006,44.6,0.00,0.004,56.0,0.00,0.031,45.7,0.00,0.023,53.0,0.00,-0.001,54.0,0.00
6/19/2021 11:00 PM,2021-06-19 23:00:00,0.005,38.9,0.00,0.002,47.9,0.00,0.030,43.9,0.00,0.021,46.6,0.00,-0.002,47.3,0.00
6/20/2021 12:00 AM,2021-06-20 00:00:00,0.004,32.7,0.00,-0.001,37.1,0.00,0.029,37.7,0.00,0.018,37.0,0.00,-0.004,36.1,0.00
6/20/2021 1:00 AM,2021-06-20 01:00:00,0.003,29.0,0.00,-0.002,31.4,0.00,0.028,33.2,0.00,0.017,31.3,0.00,-0.005,30.3,0.00
6/20/2021 2:00 AM,2021-06-20 02:00:00,0.002,25.0,0.00,-0.003,26.0,0.00,0.028,28.6,0.00,0.015,25.7,0.00,-0.006,25.3,0.00
6/20/2021 3:00 AM,2021-06-20 03:00:00,0.001,19.4,0.00,-0.004,20.1,0.00,0.027,23.8,0.00,0.013,19.5,0.00,-0.007,18.5,0.00
6/20/2021 4:00 AM,2021-06-20 04:00:00,0.001,15.5,0.00,-0.005,15.7,0.00,0.026,19.7,0.00,0.012,15.2,0.00,-0.008,14.4,0.00
6/20/2021 5:00 AM,2021-06-20 05:00:00,0.001,15.8,0.00,-0.005,15.7,0.00,0.026,18.3,0.00,0.012,15.7,0.00,-0.008,14.5,0.00
6/20/2021 6:00 AM,2021-06-20 06:00:00,0.001,15.6,0.00,-0.005,15.7,0.00,0.026,17.7,0.00,0.012,15.6,0.00,-0.008,14.7,0.00
6/20/2021 7:00 AM,2021-06-20 07:00:00,0.000,13.1,0.00,-0.005,13.4,0.00,0.026,15.9,0.00,0.011,13.2,0.00,-0.008,12.2,0.00
6/20/2021 8:00 AM,2021-06-20 08:00:00,0.000,12.4,0.00,-0.005,12.4,0.00,0.026,14.7,0.00,0.011,12.3,0.00,-0.008,11.3,0.00
6/20/2021 9:00 AM,2021-06-20 09:00:00,0.000,11.5,0.00,-0.006,11.1,0.00,0.026,13.6,0.00,0.011,11.0,0.00,-0.008,10.2,0.00
6/20/2021 10:00 AM,2021-06-20 10:00:00,-0.001,8.3,0.00,-0.006,7.9,0.00,0.025,11.1,0.00,0.010,7.8,0.00,-0.009,6.8,0.00
6/20/2021 11:00 AM,2021-06-20 11:00:00,-0.001,8.7,0.00,-0.006,8.4,0.00,0.025,10.6,0.00,0.010,8.4,0.00,-0.009,7.3,0.00
6/20/2021 12:00 PM,2021-06-20 12:00:00,-0.001,9.2,0.00,-0.006,8.6,0.00,0.025,10.3,0.00,0.010,8.9,0.00,-0.009,8.0,0.00
6/20/2021 1:00 PM,2021-06-20 13:00:00,0.001,12.6,0.00,-0.005,12.2,0.00,0.026,12.6,0.00,0.011,12.5,0.00,-0.008,11.9,0.00
6/20/2021 2:00 PM,2021-06-20 14:00:00,0.003,25.5,0.00,-0.004,19.5,0.00,0.027,16.8,0.00,0.013,18.5,0.00,-0.005,26.6,0.00
6/20/2021 3:00 PM,2021-06-20 15:00:00,0.002,21.7,0.00,-0.003,21.6,0.00,0.027,19.4,0.00,0.015,22.1,0.00,-0.006,22.9,0.00
6/20/2021 4:00 PM,2021-06-20 16:00:00,0.002,22.1,0.00,-0.003,22.3,0.00,0.027,20.6,0.00,0.015,22.7,0.00,-0.005,23.1,0.00
6/20/2021 5:00 PM,2021-06-20 17:00:00,0.003,23.5,0.00,-0.003,23.9,0.00,0.028,22.3,0.00,0.016,24.4,0.00,-0.005,24.8,0.00
6/20/2021 6:00 PM,2021-06-20 18:00:00,0.002,19.3,0.00,-0.003,19.9,0.00,0.028,21.2,0.00,0.015,19.8,0.00,-0.007,20.0,0.00
6/20/2021 7:00 PM,2021-06-20 19:00:00,0.004,16.5,0.00,-0.003,16.7,0.00,0.028,18.5,0.00,0.008,16.8,0.00,-0.001,17.3,0.00
6/20/2021 8:00 PM,2021-06-20 20:00:00,0.006,21.1,0.00,0.000,22.3,0.00,0.029,22.5,0.00,0.009,22.6,0.00,0.003,23.3,0.00
6/20/2021 9:00 PM,2021-06-20 21:00:00,0.007,25.0,0.00,0.003,29.6,0.00,0.029,25.6,0.00,0.021,29.0,0.00,0.003,29.0,0.00
6/20/2021 10:00 PM,2021-06-20 22:00:00,0.008,24.1,0.00,0.002,26.9,0.00,0.029,25.8,0.00,0.024,26.8,0.00,0.000,25.5,0.00
6/20/2021 11:00 PM,2021-06-20 23:00:00,0.009,32.3,0.00,0.005,42.1,0.00,0.030,32.3,0.00,0.029,42.3,0.00,0.002,40.3,0.00
6/21/2021 12:00 AM,2021-06-21 00:00:00,0.006,18.1,0.00,0.000,20.6,0.00,0.030,22.9,0.00,0.021,20.0,0.00,-0.003,19.5,0.00
6/21/2021 1:00 AM,2021-06-21 01:00:00,0.005,16.3,0.00,-0.001,17.3,0.00,0.029,19.0,0.00,0.020,17.5,0.00,-0.004,16.6,0.00
6/21/2021 2:00 AM,2021-06-21 02:00:00,0.005,17.0,0.00,-0.001,17.5,0.00,0.029,18.4,0.00,0.020,17.5,0.00,-0.004,17.0,0.00
6/21/2021 3:00 AM,2021-06-21 03:00:00,0.005,15.0,0.00,-0.001,15.1,0.00,0.029,16.6,0.00,0.019,15.2,0.00,-0.004,14.6,0.00
6/21/2021 4:00 AM,2021-06-21 04:00:00,0.004,13.3,0.00,-0.002,13.2,0.00,0.028,14.8,0.00,0.018,13.2,0.00,-0.005,12.5,0.00
6/21/2021 5:00 AM,2021-06-21 05:00:00,0.004,9.4,0.00,-0.002,8.9,0.00,0.028,11.8,0.00,0.017,8.7,0.00,-0.005,8.0,0.00
6/21/2021 6:00 AM,2021-06-21 06:00:00,0.003,7.2,0.00,-0.003,6.5,0.00,0.027,9.3,0.00,0.016,6.5,0.00,-0.006,5.7,0.00
6/21/2021 7:00 AM,2021-06-21 07:00:00,0.003,5.5,0.00,-0.003,4.9,0.00,0.027,7.6,0.00,0.015,4.9,0.00,-0.007,4.0,0.00
6/21/2021 8:00 AM,2021-06-21 08:00:00,0.003,4.5,0.00,-0.003,3.9,0.00,0.027,6.4,0.00,0.015,4.0,0.00,-0.007,3.0,0.00
6/21/2021 9:00 AM,2021-06-21 09:00:00,0.002,3.4,0.00,-0.003,2.7,0.00,0.027,5.2,0.00,0.014,2.8,0.00,-0.007,1.8,0.00
6/21/2021 10:00 AM,2021-06-21 10:00:00,0.002,2.8,0.00,-0.004,2.2,0.00,0.027,4.3,0.00,0.014,2.3,0.00,-0.007,1.3,0.00
6/21/2021 11:00 AM,2021-06-21 11:00:00,0.002,2.1,0.00,-0.004,1.3,0.00,0.027,3.6,0.00,0.013,1.4,0.00,-0.007,0.3,0.00
6/21/2021 12:00 PM,2021-06-21 12:00:00,0.002,1.8,0.00,-0.004,1.0,0.00,0.028,3.0,0.00,0.013,1.2,0.00,-0.007,0.3,0.00
6/21/2021 1:00 PM,2021-06-21 13:00:00,0.002,2.5,0.00,-0.004,1.6,0.00,0.028,3.1,0.00,0.013,1.9,0.00,-0.007,1.0,0.00
6/21/2021 2:00 PM,2021-06-21 14:00:00,0.004,15.0,0.00,-0.002,9.4,0.00,0.028,7.4,0.00,0.015,8.7,0.00,-0.004,15.3,0.00
6/21/2021 3:00 PM,2021-06-21 15:00:00,0.006,26.8,0.00,0.000,19.0,0.00,0.029,15.5,0.00,0.019,19.0,0.00,-0.001,30.0,0.00
6/21/2021 4:00 PM,2021-06-21 16:00:00,0.009,33.5,0.00,0.003,32.9,0.00,0.031,24.2,0.00,0.022,29.8,0.00,0.000,40.1,0.00
6/21/2021 5:00 PM,2021-06-21 17:00:00,0.010,45.1,0.00,0.005,42.0,0.00,0.033,30.9,0.00,0.024,34.2,0.00,0.001,49.3,0.00
6/21/2021 6:00 PM,2021-06-21 18:00:00,0.011,49.1,0.00,0.006,48.6,0.00,0.034,37.1,0.00,0.026,42.0,0.00,0.001,52.5,0.00
6/21/2021 7:00 PM,2021-06-21 19:00:00,0.011,50.5,0.00,0.007,53.0,0.00,0.035,41.8,0.00,0.028,48.5,0.00,0.001,54.0,0.00
6/21/2021 8:00 PM,2021-06-21 20:00:00,0.010,50.5,0.00,0.008,57.0,0.00,0.036,47.2,0.00,0.029,53.0,0.00,0.000,55.5,0.00
6/21/2021 9:00 PM,2021-06-21 21:00:00,0.010,49.8,0.00,0.008,61.0,0.00,0.036,50.5,0.00,0.030,59.0,0.00,0.001,58.0,0.00
6/21/2021 10:00 PM,2021-06-21 22:00:00,0.009,46.6,0.00,0.008,63.5,0.00,0.035,49.8,0.00,0.030,60.0,0.00,0.000,57.0,0.00
6/21/2021 11:00 PM,2021-06-21 23:00:00,0.007,41.7,0.00,0.005,57.0,0.00,0.034,47.9,0.00,0.027,55.0,0.00,-0.001,54.0,0.00
6/22/2021 12:00 AM,2021-06-22 00:00:00,0.006,37.4,0.00,0.003,48.2,0.00,0.033,44.2,0.00,0.024,48.4,0.00,-0.002,47.6,0.00
6/22/2021 1:00 AM,2021-06-22 01:00:00,0.005,32.2,0.00,0.001,37.7,0.00,0.031,39.2,0.00,0.021,38.8,0.00,-0.005,28.3,0.00
6/22/2021 2:00 AM,2021-06-22 02:00:00,0.003,23.3,0.00,-0.002,24.9,0.00,0.029,28.7,0.00,0.017,24.2,0.00,-0.006,21.8,0.00
6/22/2021 3:00 AM,2021-06-22 03:00:00,0.002,19.7,0.00,-0.003,20.6,0.00,0.029,24.2,0.00,0.015,19.9,0.00,-0.007,18.3,0.00
6/22/2021 4:00 AM,2021-06-22 04:00:00,0.001,15.4,0.00,-0.004,15.6,0.00,0.028,19.6,0.00,0.013,15.0,0.00,-0.008,14.3,0.00
6/22/2021 5:00 AM,2021-06-22 05:00:00,0.001,12.7,0.00,-0.005,12.7,0.00,0.027,16.7,0.00,0.012,12.3,0.00,-0.008,11.3,0.00
6/22/2021 6:00 AM,2021-06-22 06:00:00,0.001,10.5,0.00,-0.005,10.5,0.01,0.027,14.2,0.00,0.012,10.1,0.00,-0.008,8.9,0.00
6/22/2021 7:00 AM,2021-06-22 07:00:00,0.001,9.2,0.00,-0.005,9.2,0.00,0.027,12.5,0.00,0.011,9.1,0.00,-0.008,8.0,0.00
6/22/2021 8:00 AM,2021-06-22 08:00:00,0.000,8.6,0.00,-0.006,8.5,0.00,0.026,11.4,0.00,0.011,8.4,0.00,-0.008,7.2,0.00
6/22/2021 9:00 AM,2021-06-22 09:00:00,0.000,7.6,0.00,-0.006,7.2,0.00,0.026,10.1,0.00,0.011,7.1,0.00,-0.009,6.1,0.00
6/22/2021 10:00 AM,2021-06-22 10:00:00,0.000,7.0,0.00,-0.006,6.7,0.00,0.026,9.3,0.00,0.011,6.7,0.00,-0.009,5.6,0.00
6/22/2021 11:00 AM,2021-06-22 11:00:00,0.000,6.1,0.00,-0.006,5.7,0.00,0.026,8.3,0.00,0.011,5.7,0.00,-0.009,4.7,0.00
6/22/2021 12:00 PM,2021-06-22 12:00:00,-0.001,5.9,0.00,-0.006,5.2,0.01,0.026,7.7,0.00,0.011,5.3,0.00,-0.009,4.3,0.00
6/22/2021 1:00 PM,2021-06-22 13:00:00,0.000,6.7,0.00,-0.006,6.1,0.00,0.026,7.9,0.00,0.011,6.2,0.00,-0.009,5.3,0.00
6/22/2021 2:00 PM,2021-06-22 14:00:00,0.003,22.5,0.00,-0.004,15.6,0.00,0.027,12.9,0.00,0.013,14.6,0.00,-0.005,23.3,0.00
6/22/2021 3:00 PM,2021-06-22 15:00:00,0.005,32.7,0.00,-0.002,24.7,0.00,0.028,21.3,0.00,0.016,24.2,0.00,-0.003,38.0,0.00
6/22/2021 4:00 PM,2021-06-22 16:00:00,0.007,39.9,0.00,0.001,39.1,0.00,0.029,30.3,0.00,0.019,35.4,0.00,-0.001,46.5,0.00
6/22/2021 5:00 PM,2021-06-22 17:00:00,0.010,50.5,0.00,0.003,47.8,0.00,0.030,36.9,0.00,0.020,39.3,0.00,0.000,54.0,0.00
6/22/2021 6:00 PM,2021-06-22 18:00:00,0.011,54.5,0.00,0.005,55.5,0.00,0.032,44.5,0.00,0.023,48.5,0.00,0.001,58.0,0.00
6/22/2021 7:00 PM,2021-06-22 19:00:00,0.011,56.5,0.00,0.005,59.0,0.00,0.032,49.2,0.00,0.026,54.0,0.00,0.000,59.0,0.00
6/22/2021 8:00 PM,2021-06-22 20:00:00,0.010,56.0,0.00,0.006,62.5,0.00,0.032,54.0,0.00,0.027,58.5,0.00,0.000,59.5,0.00
1/15/2021 1:00 AM,2021-01-15 01:00:00,0.001,26.3,0.00,0.003,35.6,0.00,0.043,40.6,0.00,0.015,27.0,0.00,-0.007,24.9,0.00
1/15/2021 2:00 AM,2021-01-15 02:00:00,0.001,22.8,0.00,0.002,31.6,0.00,0.042,36.0,0.00,0.013,22.9,0.00,-0.007,21.2,0.00
1/15/2021 3:00 AM,2021-01-15 03:00:00,0.001,22.9,0.00,0.002,28.8,0.00,0.041,32.3,0.00,0.013,22.8,0.00,-0.007,21.5,0.00
1/15/2021 4:00 AM,2021-01-15 04:00:00,0.000,23.0,0.00,0.001,27.1,0.00,0.041,29.8,0.00,0.013,22.8,0.00,-0.007,22.0,0.00
1/15/2021 5:00 AM,2021-01-15 05:00:00,0.000,22.2,0.00,0.001,25.8,0.00,0.040,27.8,0.00,0.013,22.1,0.00,-0.007,21.6,0.00
1/15/2021 6:00 AM,2021-01-15 06:00:00,0.000,21.4,0.00,0.001,24.9,0.00,0.040,26.5,0.00,0.013,21.2,0.00,-0.007,20.9,0.00
1/15/2021 7:00 AM,2021-01-15 07:00:00,-0.001,16.0,0.00,0.000,23.1,0.00,0.040,24.7,0.00,0.011,15.5,0.00,-0.008,14.5,0.00
1/15/2021 8:00 AM,2021-01-15 08:00:00,-0.002,13.5,0.00,0.000,21.2,0.00,0.040,22.7,0.00,0.011,13.1,0.00,-0.008,12.1,0.00
1/15/2021 9:00 AM,2021-01-15 09:00:00,-0.002,12.8,0.00,-0.001,19.8,0.00,0.039,21.1,0.00,0.011,13.0,0.00,-0.008,11.7,0.00
1/15/2021 10:00 AM,2021-01-15 10:00:00,-0.002,12.0,0.00,-0.001,19.0,0.00,0.039,20.0,0.00,0.010,11.7,0.00,-0.008,10.6,0.00
1/15/2021 11:00 AM,2021-01-15 11:00:00,-0.002,11.6,0.00,-0.001,17.9,0.00,0.039,18.8,0.00,0.010,11.3,0.00,-0.009,10.2,0.00
1/15/2021 12:00 PM,2021-01-15 12:00:00,-0.001,13.9,0.00,-0.001,17.7,0.00,0.039,18.2,0.00,0.011,13.6,0.00,-0.008,12.9,0.00
1/15/2021 1:00 PM,2021-01-15 13:00:00,0.002,30.0,0.00,-0.001,19.3,0.00,0.039,18.7,0.00,0.013,22.7,0.00,-0.004,34.0,0.00
1/15/2021 2:00 PM,2021-01-15 14:00:00,0.003,33.1,0.00,0.000,22.3,0.00,0.040,21.3,0.00,0.015,28.4,0.00,-0.003,39.1,0.00
1/15/2021 3:00 PM,2021-01-15 15:00:00,0.005,45.3,0.00,0.002,28.7,0.00,0.040,25.7,0.00,0.019,41.4,0.00,-0.001,52.5,0.00
9/3/2001 1:00 AM,2001-09-03 01:00:00,0.010,62.0,0.00,0.006,44.7,0.00,0.045,41.9,0.00,0.026,60.5,0.00,0.001,63.0,0.00
1/15/2021 1:00 AM,2021-01-15 01:00:00,0.001,23.7,0.00,0.003,35.1,0.00,0.043,38.6,0.00,0.015,23.7,0.00,-0.007,23.2,0.00
1/15/2021 2:00 AM,2021-01-15 02:00:00,0.001,23.9,0.00,0.002,30.8,0.00,0.042,34.1,0.00,0.015,24.0,0.00,-0.006,23.1,0.00
1/15/2021 3:00 AM,2021-01-15 03:00:00,0.002,28.9,0.00,0.002,29.6,0.00,0.042,31.6,0.00,0.016,30.0,0.00,-0.005,29.3,0.00
1/15/2021 4:00 AM,2021-01-15 04:00:00,0.002,27.4,0.00,0.002,29.8,0.00,0.042,31.1,0.00,0.016,27.9,0.00,-0.005,27.4,0.00
1/15/2021 5:00 AM,2021-01-15 05:00:00,0.001,25.6,0.00,0.002,28.7,0.00,0.041,30.0,0.00,0.015,25.8,0.00,-0.006,25.3,0.00
1/15/2021 6:00 AM,2021-01-15 06:00:00,0.001,21.6,0.00,0.001,26.7,0.00,0.041,28.4,0.00,0.014,21.4,0.00,-0.007,20.8,0.00
1/15/2021 7:00 AM,2021-01-15 07:00:00,0.000,18.7,0.00,0.001,24.7,0.00,0.041,26.4,0.00,0.013,18.3,0.00,-0.007,17.7,0.00
1/15/2021 8:00 AM,2021-01-15 08:00:00,0.000,16.9,0.00,0.001,22.8,0.00,0.040,24.5,0.00,0.012,16.4,0.00,-0.008,15.8,0.00
1/15/2021 9:00 AM,2021-01-15 09:00:00,-0.001,14.9,0.00,0.000,21.3,0.00,0.040,22.8,0.00,0.012,14.3,0.00,-0.008,13.6,0.00
1/15/2021 10:00 AM,2021-01-15 10:00:00,-0.001,12.4,0.00,0.000,19.6,0.00,0.040,21.1,0.00,0.011,11.8,0.00,-0.008,11.1,0.00
1/15/2021 11:00 AM,2021-01-15 11:00:00,-0.002,11.5,0.00,-0.001,18.2,0.00,0.039,19.5,0.00,0.011,11.2,0.00,-0.008,10.2,0.00
1/15/2021 12:00 PM,2021-01-15 12:00:00,-0.002,10.9,0.00,-0.001,17.1,0.00,0.039,18.2,0.00,0.011,10.9,0.00,-0.008,9.8,0.00
1/15/2021 1:00 PM,2021-01-15 13:00:00,-0.002,9.3,0.00,-0.001,16.2,0.00,0.039,17.1,0.00,0.010,8.7,0.00,-0.009,7.8,0.00
1/15/2021 2:00 PM,2021-01-15 14:00:00,-0.002,8.5,0.00,-0.001,15.2,0.00,0.039,16.1,0.00,0.010,8.0,0.00,-0.009,7.0,0.00
1/15/2021 3:00 PM,2021-01-15 15:00:00,-0.002,8.5,0.00,-0.001,14.6,0.00,0.039,15.2,0.00,0.010,8.0,0.00,-0.009,7.1,0.00
1/15/2021 4:00 PM,2021-01-15 16:00:00,-0.002,9.8,0.00,-0.001,14.3,0.00,0.038,14.7,0.00,0.011,9.3,0.00,-0.009,8.6,0.00
1/15/2021 5:00 PM,2021-01-15 17:00:00,0.001,19.7,0.00,-0.001,15.1,0.00,0.039,14.9,0.00,0.012,15.5,0.00,-0.006,22.3,0.00
1/15/2021 6:00 PM,2021-01-15 18:00:00,0.003,33.3,0.00,-0.001,18.2,0.00,0.039,17.2,0.00,0.015,24.8,0.00,-0.003,39.4,0.00
1/15/2021 7:00 PM,2021-01-15 19:00:00,0.005,40.9,0.00,0.001,24.1,0.00,0.041,22.3,0.00,0.019,37.4,0.00,-0.002,47.0,0.00
1/15/2021 8:00 PM,2021-01-15 20:00:00,0.007,49.1,0.00,0.003,32.2,0.00,0.042,28.5,0.00,0.020,42.2,0.00,-0.001,55.0,0.00
1/15/2021 9:00 PM,2021-01-15 21:00:00,0.008,51.5,0.00,0.005,38.1,0.00,0.044,34.3,0.00,0.023,49.5,0.00,-0.001,56.0,0.00
8/22/2019 1:00 AM,2019-08-22 01:00:00,0.002,25.3,0.00,0.005,38.0,0.00,0.044,41.3,0.00,0.017,26.4,0.00,-0.006,25.2,0.00
8/22/2019 2:00 AM,2019-08-22 02:00:00,0.002,29.5,0.00,0.004,34.0,0.00,0.043,36.9,0.00,0.017,30.0,0.00,-0.005,29.3,0.00
8/22/2019 3:00 AM,2019-08-22 03:00:00,0.003,30.4,0.00,0.003,32.4,0.00,0.043,34.5,0.00,0.017,31.3,0.00,-0.005,30.4,0.00
8/22/2019 4:00 AM,2019-08-22 04:00:00,0.002,26.2,0.00,0.003,30.8,0.00,0.042,32.8,0.00,0.016,26.4,0.00,-0.005,25.8,0.00
8/22/2019 5:00 AM,2019-08-22 05:00:00,0.001,23.1,0.00,0.002,28.6,0.00,0.042,30.6,0.00,0.015,23.3,0.00,-0.007,22.5,0.00
8/22/2019 6:00 AM,2019-08-22 06:00:00,0.001,20.3,0.00,0.002,26.7,0.00,0.041,28.6,0.00,0.014,19.9,0.00,-0.007,19.3,0.00
8/22/2019 7:00 AM,2019-08-22 07:00:00,0.000,17.8,0.00,0.002,24.6,0.00,0.041,26.5,0.00,0.013,17.4,0.00,-0.007,16.7,0.00
8/22/2019 8:00 AM,2019-08-22 08:00:00,0.000,16.8,0.00,0.001,23.0,0.00,0.040,24.7,0.00,0.013,16.6,0.00,-0.007,15.7,0.00
8/22/2019 9:00 AM,2019-08-22 09:00:00,0.000,16.2,0.00,0.001,22.0,0.00,0.040,23.3,0.00,0.013,16.0,0.00,-0.007,15.3,0.00
8/22/2019 10:00 AM,2019-08-22 10:00:00,-0.001,14.8,0.00,0.001,21.0,0.00,0.040,22.1,0.00,0.012,14.6,0.00,-0.008,13.8,0.00
8/22/2019 11:00 AM,2019-08-22 11:00:00,-0.001,13.6,0.00,0.001,19.9,0.00,0.040,21.0,0.00,0.012,13.3,0.00,-0.008,12.5,0.00
8/22/2019 12:00 PM,2019-08-22 12:00:00,-0.001,13.7,0.00,0.001,19.1,0.00,0.040,20.0,0.00,0.012,13.5,0.00,-0.008,12.8,0.00
8/22/2019 1:00 PM,2019-08-22 13:00:00,-0.001,13.1,0.00,0.000,18.6,0.00,0.039,19.3,0.00,0.012,12.6,0.00,-0.008,12.0,0.00
8/22/2019 2:00 PM,2019-08-22 14:00:00,-0.001,12.8,0.00,0.000,17.9,0.00,0.039,18.5,0.00,0.012,12.6,0.00,-0.008,11.9,0.00
8/22/2019 3:00 PM,2019-08-22 15:00:00,0.000,15.2,0.00,0.000,17.7,0.00,0.039,18.1,0.00,0.013,14.9,0.00,-0.008,14.4,0.00
8/22/2019 4:00 PM,2019-08-22 16:00:00,0.001,19.6,0.00,0.001,19.2,0.00,0.039,18.7,0.00,0.015,19.9,0.00,-0.007,19.5,0.00
8/22/2019 5:00 PM,2019-08-22 17:00:00,0.002,23.5,0.00,0.001,21.1,0.00,0.040,20.3,0.00,0.015,23.1,0.00,-0.005,23.9,0.00
8/22/2019 6:00 PM,2019-08-22 18:00:00,0.004,36.1,0.00,0.002,23.9,0.00,0.040,22.2,0.00,0.018,34.1,0.00,-0.003,39.9,0.00
8/22/2019 7:00 PM,2019-08-22 19:00:00,0.004,35.9,0.00,0.003,29.8,0.00,0.042,27.1,0.00,0.019,34.9,0.00,-0.003,38.4,0.00
8/22/2019 8:00 PM,2019-08-22 20:00:00,0.005,39.2,0.00,0.004,32.6,0.00,0.042,30.2,0.00,0.020,39.3,0.00,-0.003,41.8,0.00
8/22/2019 9:00 PM,2019-08-22 21:00:00,0.008,52.5,0.00,0.006,40.2,0.00,0.044,35.4,0.00,0.025,53.0,0.00,0.000,56.0,0.00
1/1/2000 7:00 PM,2000-01-01 19:00:00,0.010,53.5,0.00,0.015,44.1,0.00,0.053,42.1,0.00,0.040,57.0,0.00,0.001,57.5,0.00
1/8/2000 1:00 AM,2000-01-08 01:00:00,0.002,25.8,0.00,0.006,34.0,0.00,0.046,38.0,0.00,0.021,27.1,0.00,-0.005,24.6,0.00
1/8/2000 2:00 AM,2000-01-08 02:00:00,0.001,21.2,0.00,0.005,29.7,0.00,0.045,33.6,0.00,0.020,21.5,0.00,-0.007,20.3,0.00
1/8/2000 3:00 AM,2000-01-08 03:00:00,0.001,17.9,0.00,0.004,26.2,0.00,0.044,29.8,0.00,0.019,18.5,0.00,-0.007,16.9,0.00
1/8/2000 4:00 AM,2000-01-08 04:00:00,0.000,14.8,0.00,0.003,23.6,0.00,0.043,26.6,0.00,0.018,14.9,0.00,-0.007,13.6,0.00
1/8/2000 5:00 AM,2000-01-08 05:00:00,-0.001,13.3,0.00,0.003,21.4,0.00,0.042,23.9,0.00,0.017,13.5,0.00,-0.008,12.2,0.00
1/8/2000 6:00 AM,2000-01-08 06:00:00,-0.001,11.4,0.00,0.002,19.6,0.00,0.042,21.7,0.00,0.016,11.2,0.00,-0.008,10.1,0.00
1/8/2000 7:00 AM,2000-01-08 07:00:00,-0.001,10.6,0.00,0.002,18.1,0.00,0.041,19.9,0.00,0.016,10.4,0.00,-0.008,9.2,0.00
1/8/2000 8:00 AM,2000-01-08 08:00:00,-0.001,9.2,0.00,0.002,16.9,0.00,0.041,18.4,0.00,0.016,9.0,0.00,-0.008,7.9,0.00
1/8/2000 9:00 AM,2000-01-08 09:00:00,-0.002,8.4,0.00,0.002,15.8,0.00,0.041,17.0,0.00,0.016,8.0,0.00,-0.008,7.0,0.00
1/8/2000 10:00 AM,2000-01-08 10:00:00,-0.001,7.3,0.00,0.001,14.8,0.00,0.040,15.8,0.00,0.015,7.0,0.00,-0.008,6.0,0.00
1/8/2000 11:00 AM,2000-01-08 11:00:00,-0.002,6.8,0.00,0.001,13.9,0.00,0.040,14.7,0.00,0.015,6.6,0.00,-0.009,5.6,0.00
1/8/2000 12:00 PM,2000-01-08 12:00:00,-0.001,9.0,0.00,0.001,13.6,0.00,0.040,14.1,0.00,0.016,8.7,0.00,-0.008,7.8,0.00
1/8/2000 1:00 PM,2000-01-08 13:00:00,0.000,14.3,0.00,0.001,14.4,0.00,0.040,14.3,0.00,0.017,13.0,0.00,-0.007,13.8,0.00
1/8/2000 2:00 PM,2000-01-08 14:00:00,0.001,19.3,0.00,0.002,16.1,0.00,0.040,15.3,0.00,0.018,17.9,0.00,-0.005,20.1,0.00
1/8/2000 3:00 PM,2000-01-08 15:00:00,0.004,32.9,0.00,0.003,20.4,0.00,0.041,18.3,0.00,0.022,30.4,0.00,-0.003,35.6,0.00
1/8/2000 4:00 PM,2000-01-08 16:00:00,0.005,39.1,0.00,0.004,25.6,0.00,0.042,22.8,0.00,0.024,36.1,0.00,-0.002,41.9,0.00
1/8/2000 5:00 PM,2000-01-08 17:00:00,0.006,42.5,0.00,0.006,31.2,0.00,0.044,27.8,0.00,0.026,41.3,0.00,-0.001,45.3,0.00
1/8/2000 6:00 PM,2000-01-08 18:00:00,0.006,42.4,0.00,0.006,33.0,0.00,0.045,30.6,0.00,0.026,42.5,0.00,-0.002,43.8,0.00
1/8/2000 7:00 PM,2000-01-08 19:00:00,0.007,47.8,0.00,0.007,36.0,0.00,0.045,33.4,0.00,0.028,49.4,0.00,-0.001,49.7,0.00
1/15/2021 1:00 AM,2021-01-15 01:00:00,0.003,33.2,0.00,0.006,40.3,0.00,0.045,41.8,0.00,0.020,35.7,0.00,-0.004,33.5,0.00
1/15/2021 2:00 AM,2021-01-15 02:00:00,0.002,29.6,0.00,0.005,36.0,0.00,0.044,38.2,0.00,0.019,31.5,0.00,-0.004,29.4,0.00
1/15/2021 3:00 AM,2021-01-15 03:00:00,0.002,26.1,0.00,0.004,32.7,0.00,0.043,35.1,0.00,0.018,27.5,0.00,-0.005,25.6,0.00
1/15/2021 4:00 AM,2021-01-15 04:00:00,0.001,21.6,0.00,0.003,29.7,0.00,0.042,32.1,0.00,0.016,22.1,0.00,-0.006,20.6,0.00
1/15/2021 5:00 AM,2021-01-15 05:00:00,0.000,16.8,0.00,0.003,26.1,0.00,0.042,28.8,0.00,0.015,16.8,0.00,-0.007,15.5,0.00
1/15/2021 6:00 AM,2021-01-15 06:00:00,-0.001,14.7,0.00,0.002,23.4,0.00,0.041,25.8,0.00,0.014,14.9,0.00,-0.007,13.6,0.00
1/15/2021 7:00 AM,2021-01-15 07:00:00,-0.001,13.3,0.00,0.002,21.4,0.00,0.041,23.4,0.00,0.013,13.5,0.00,-0.008,12.1,0.00
1/15/2021 8:00 AM,2021-01-15 08:00:00,-0.001,12.0,0.00,0.001,19.9,0.00,0.040,21.5,0.00,0.013,12.2,0.00,-0.008,11.0,0.00
1/15/2021 9:00 AM,2021-01-15 09:00:00,-0.002,9.6,0.00,0.001,18.1,0.00,0.040,19.7,0.00,0.012,9.4,0.00,-0.008,8.3,0.00
1/15/2021 10:00 AM,2021-01-15 10:00:00,-0.002,8.5,0.00,0.001,16.8,0.00,0.039,18.1,0.00,0.012,8.2,0.00,-0.008,7.1,0.00
1/15/2021 11:00 AM,2021-01-15 11:00:00,-0.002,7.4,0.00,0.000,15.5,0.00,0.039,16.7,0.00,0.012,7.3,0.00,-0.009,6.1,0.00
1/15/2021 12:00 PM,2021-01-15 12:00:00,-0.002,6.4,0.00,0.000,14.5,0.00,0.039,15.4,0.00,0.011,6.0,0.00,-0.009,5.0,0.00
1/15/2021 1:00 PM,2021-01-15 13:00:00,-0.002,5.2,0.00,-0.001,13.3,0.00,0.038,14.2,0.00,0.011,4.9,0.00,-0.009,3.7,0.00
1/15/2021 2:00 PM,2021-01-15 14:00:00,-0.002,6.0,0.00,-0.001,12.6,0.00,0.038,13.2,0.00,0.011,5.7,0.00,-0.009,4.7,0.00
1/15/2021 3:00 PM,2021-01-15 15:00:00,-0.001,12.7,0.00,-0.001,12.6,0.00,0.038,12.8,0.00,0.012,9.1,0.00,-0.007,12.4,0.00
1/15/2021 4:00 PM,2021-01-15 16:00:00,0.002,28.8,0.00,0.000,15.5,0.00,0.038,14.3,0.00,0.016,20.6,0.00,-0.003,33.2,0.00
1/15/2021 5:00 PM,2021-01-15 17:00:00,0.004,35.9,0.00,0.002,20.4,0.00,0.040,18.8,0.00,0.019,30.3,0.00,-0.002,41.8,0.00
1/15/2021 6:00 PM,2021-01-15 18:00:00,0.006,45.7,0.00,0.004,28.8,0.00,0.041,25.2,0.00,0.020,36.8,0.00,-0.001,51.0,0.00
1/15/2021 7:00 PM,2021-01-15 19:00:00,0.008,50.5,0.00,0.006,36.8,0.00,0.043,31.9,0.00,0.024,47.5,0.00,0.000,55.5,0.00
1/15/2021 8:00 PM,2021-01-15 20:00:00,0.008,53.0,0.00,0.008,42.6,0.00,0.045,37.6,0.00,0.025,49.8,0.00,0.000,56.5,0.00
1/15/2021 9:00 PM,2021-01-15 21:00:00,0.009,55.0,0.00,0.009,46.2,0.00,0.046,41.9,0.00,0.027,57.0,0.00,0.000,57.5,0.00
1/15/2021 10:00 PM,2021-01-15 22:00:00,0.008,55.5,0.00,0.009,47.8,0.00,0.047,45.3,0.00,0.028,59.5,0.00,-0.001,59.0,0.00
1/15/2021 1:00 AM,2021-01-15 01:00:00,0.001,26.8,0.00,0.004,35.6,0.00,0.044,39.8,0.00,0.017,28.4,0.00,-0.005,25.9,0.00
1/15/2021 2:00 AM,2021-01-15 02:00:00,0.001,23.4,0.00,0.003,31.4,0.00,0.042,35.3,0.00,0.016,24.1,0.00,-0.006,22.5,0.00
1/15/2021 3:00 AM,2021-01-15 03:00:00,0.001,21.6,0.00,0.003,28.3,0.00,0.042,31.6,0.00,0.015,21.7,0.00,-0.006,20.6,0.00
1/15/2021 4:00 AM,2021-01-15 04:00:00,-0.001,17.9,0.00,0.002,25.7,0.00,0.041,28.6,0.00,0.014,18.1,0.00,-0.007,16.6,0.00
1/15/2021 5:00 AM,2021-01-15 05:00:00,-0.001,14.2,0.00,0.002,23.3,0.00,0.040,25.8,0.00,0.012,14.0,0.00,-0.008,12.9,0.00
1/15/2021 6:00 AM,2021-01-15 06:00:00,-0.002,12.2,0.00,0.001,21.1,0.00,0.040,23.3,0.00,0.012,12.1,0.00,-0.008,10.8,0.00
1/15/2021 7:00 AM,2021-01-15 07:00:00,-0.002,11.0,0.00,0.001,19.5,0.00,0.039,21.3,0.00,0.012,11.0,0.00,-0.008,9.6,0.00
1/15/2021 8:00 AM,2021-01-15 08:00:00,-0.002,9.7,0.00,0.000,18.0,0.00,0.039,19.6,0.00,0.011,9.6,0.00,-0.008,8.4,0.00
1/15/2021 9:00 AM,2021-01-15 09:00:00,-0.002,8.6,0.00,0.000,16.8,0.00,0.039,18.1,0.00,0.011,8.4,0.00,-0.009,7.2,0.00
1/15/2021 10:00 AM,2021-01-15 10:00:00,-0.002,7.9,0.00,0.000,15.7,0.00,0.038,16.8,0.00,0.011,7.7,0.00,-0.009,6.5,0.00
1/15/2021 11:00 AM,2021-01-15 11:00:00,-0.002,7.8,0.00,-0.001,14.9,0.00,0.038,15.8,0.00,0.011,7.5,0.00,-0.009,6.5,0.00
1/15/2021 12:00 PM,2021-01-15 12:00:00,-0.002,9.9,0.00,-0.001,14.7,0.00,0.038,15.2,0.00,0.011,9.4,0.00,-0.008,8.7,0.00
1/15/2021 1:00 PM,2021-01-15 13:00:00,0.000,19.9,0.00,0.000,15.6,0.00,0.038,15.3,0.00,0.013,15.9,0.00,-0.006,20.0,0.00
1/15/2021 2:00 PM,2021-01-15 14:00:00,0.002,29.3,0.00,0.001,18.7,0.00,0.039,17.4,0.00,0.016,24.7,0.00,-0.004,34.1,0.00
1/15/2021 3:00 PM,2021-01-15 15:00:00,0.004,38.9,0.00,0.002,23.9,0.00,0.040,21.8,0.00,0.019,33.9,0.00,-0.002,43.4,0.00
1/15/2021 4:00 PM,2021-01-15 16:00:00,0.006,46.2,0.00,0.004,31.2,0.00,0.041,27.6,0.00,0.020,40.9,0.00,-0.001,50.5,0.00
1/15/2021 5:00 PM,2021-01-15 17:00:00,0.006,47.5,0.00,0.005,35.1,0.00,0.042,31.9,0.00,0.023,47.2,0.00,-0.001,49.9,0.00
1/15/2021 1:00 AM,2021-01-15 01:00:00,0.003,32.5,0.00,0.005,36.9,0.00,0.044,39.0,0.00,0.018,33.6,0.00,-0.004,32.5,0.00
1/15/2021 2:00 AM,2021-01-15 02:00:00,0.002,27.5,0.00,0.004,33.4,0.00,0.043,35.8,0.00,0.017,27.9,0.00,-0.005,26.9,0.00
1/15/2021 3:00 AM,2021-01-15 03:00:00,0.001,25.3,0.00,0.003,30.5,0.00,0.042,32.8,0.00,0.016,25.5,0.00,-0.006,24.5,0.00
1/15/2021 4:00 AM,2021-01-15 04:00:00,0.001,20.7,0.00,0.003,27.6,0.00,0.041,30.0,0.00,0.015,20.8,0.00,-0.007,19.7,0.00
1/15/2021 5:00 AM,2021-01-15 05:00:00,0.000,20.6,0.00,0.002,25.7,0.00,0.041,27.6,0.00,0.015,20.8,0.00,-0.007,19.7,0.00
1/15/2021 6:00 AM,2021-01-15 06:00:00,0.000,19.9,0.00,0.002,24.5,0.00,0.040,26.0,0.00,0.014,19.8,0.00,-0.007,19.1,0.00
1/15/2021 7:00 AM,2021-01-15 07:00:00,-0.001,17.5,0.00,0.001,22.8,0.00,0.040,24.4,0.00,0.013,17.5,0.00,-0.007,16.5,0.00
1/15/2021 8:00 AM,2021-01-15 08:00:00,-0.001,16.2,0.00,0.001,21.8,0.00,0.040,23.0,0.00,0.013,15.9,0.00,-0.007,15.1,0.00
1/15/2021 9:00 AM,2021-01-15 09:00:00,-0.001,16.6,0.00,0.001,20.9,0.00,0.039,21.8,0.00,0.013,16.5,0.00,-0.007,15.7,0.00
1/15/2021 10:00 AM,2021-01-15 10:00:00,0.000,17.8,0.00,0.001,20.8,0.00,0.039,21.3,0.00,0.013,17.8,0.00,-0.007,17.0,0.00
1/15/2021 11:00 AM,2021-01-15 11:00:00,0.000,17.6,0.00,0.001,20.7,0.00,0.039,21.0,0.00,0.013,17.5,0.00,-0.007,17.0,0.00
1/15/2021 12:00 PM,2021-01-15 12:00:00,0.000,16.9,0.00,0.001,20.3,0.00,0.039,20.7,0.00,0.013,16.6,0.00,-0.007,16.1,0.00
1/15/2021 1:00 PM,2021-01-15 13:00:00,-0.001,15.0,0.00,0.001,19.5,0.00,0.039,20.1,0.00,0.013,14.7,0.00,-0.007,14.2,0.00
1/15/2021 2:00 PM,2021-01-15 14:00:00,0.000,16.3,0.00,0.001,18.9,0.00,0.039,19.3,0.00,0.013,15.9,0.00,-0.007,15.4,0.00
1/15/2021 3:00 PM,2021-01-15 15:00:00,0.001,22.4,0.00,0.001,18.9,0.00,0.039,19.1,0.00,0.015,18.6,0.00,-0.005,22.7,0.00
1/15/2021 4:00 PM,2021-01-15 16:00:00,0.003,32.4,0.00,0.001,21.3,0.00,0.040,20.6,0.00,0.017,28.1,0.00,-0.003,36.5,0.00
1/15/2021 5:00 PM,2021-01-15 17:00:00,0.004,39.2,0.00,0.002,25.3,0.00,0.040,24.2,0.00,0.019,34.7,0.00,-0.002,43.7,0.00
1/15/2021 6:00 PM,2021-01-15 18:00:00,0.006,44.4,0.00,0.004,31.4,0.00,0.042,28.8,0.00,0.021,39.9,0.00,-0.001,48.5,0.00
1/15/2021 7:00 PM,2021-01-15 19:00:00,0.006,46.9,0.00,0.005,35.8,0.00,0.043,32.8,0.00,0.023,46.0,0.00,-0.001,49.2,0.00
1/15/2021 8:00 PM,2021-01-15 20:00:00,0.006,47.8,0.00,0.006,38.2,0.00,0.043,35.6,0.00,0.023,48.0,0.00,-0.001,49.5,0.00
1/15/2021 9:00 PM,2021-01-15 21:00:00,0.006,48.4,0.00,0.006,40.1,0.00,0.044,37.9,0.00,0.023,49.4,0.00,-0.001,50.5,0.00
1/15/2021 10:00 PM,2021-01-15 22:00:00,0.006,50.0,0.00,0.006,42.0,0.00,0.044,40.1,0.00,0.025,55.0,0.00,-0.001,52.0,0.00
1/15/2021 11:00 PM,2021-01-15 23:00:00,0.006,48.0,0.00,0.007,42.8,0.00,0.045,41.6,0.00,0.025,54.0,0.00,-0.001,51.5,0.00
1/16/2021 12:00 AM,2021-01-16 00:00:00,0.005,42.3,0.00,0.006,42.1,0.00,0.045,42.0,0.00,0.022,47.3,0.00,-0.002,46.6,0.00
1/16/2021 1:00 AM,2021-01-16 01:00:00,0.004,39.4,0.00,0.006,40.0,0.00,0.044,40.7,0.00,0.022,45.5,0.00,-0.002,43.3,0.00
1/16/2021 2:00 AM,2021-01-16 02:00:00,0.001,24.9,0.00,0.004,35.4,0.00,0.043,37.9,0.00,0.016,24.6,0.00,-0.005,24.8,0.00
1/16/2021 3:00 AM,2021-01-16 03:00:00,0.001,18.8,0.00,0.004,30.4,0.00,0.042,33.4,0.00,0.015,19.4,0.00,-0.007,18.4,0.00
1/16/2021 4:00 AM,2021-01-16 04:00:00,0.001,20.5,0.00,0.003,27.2,0.00,0.041,29.8,0.00,0.015,20.9,0.00,-0.007,19.4,0.00
1/16/2021 5:00 AM,2021-01-16 05:00:00,0.000,16.8,0.00,0.002,24.9,0.00,0.041,27.2,0.00,0.014,16.9,0.00,-0.007,15.6,0.00
1/16/2021 6:00 AM,2021-01-16 06:00:00,-0.001,13.6,0.00,0.002,22.5,0.00,0.040,24.7,0.00,0.013,13.7,0.00,-0.008,12.3,0.00
1/16/2021 7:00 AM,2021-01-16 07:00:00,-0.001,12.0,0.00,0.001,20.6,0.00,0.040,22.4,0.00,0.012,11.8,0.00,-0.008,10.5,0.00
1/16/2021 8:00 AM,2021-01-16 08:00:00,-0.001,11.4,0.00,0.001,19.2,0.00,0.039,20.6,0.00,0.012,11.3,0.00,-0.008,10.1,0.00
1/16/2021 9:00 AM,2021-01-16 09:00:00,-0.001,10.2,0.00,0.001,17.8,0.00,0.039,19.0,0.00,0.012,10.1,0.00,-0.008,9.0,0.00
1/16/2021 10:00 AM,2021-01-16 10:00:00,-0.002,8.8,0.00,0.001,16.6,0.00,0.039,17.7,0.00,0.012,8.7,0.00,-0.008,7.5,0.00
1/16/2021 11:00 AM,2021-01-16 11:00:00,-0.002,7.9,0.00,0.000,15.5,0.00,0.038,16.4,0.00,0.011,7.5,0.00,-0.008,6.4,0.00
1/16/2021 12:00 PM,2021-01-16 12:00:00,-0.002,7.1,0.00,0.000,14.6,0.00,0.038,15.3,0.00,0.011,6.8,0.00,-0.008,5.7,0.00
1/16/2021 1:00 PM,2021-01-16 13:00:00,-0.002,6.4,0.00,0.000,13.7,0.00,0.038,14.3,0.00,0.011,6.1,0.00,-0.008,5.1,0.00
1/16/2021 2:00 PM,2021-01-16 14:00:00,-0.002,8.5,0.00,-0.001,13.3,0.00,0.038,13.6,0.00,0.011,8.1,0.00,-0.008,7.2,0.00
1/16/2021 3:00 PM,2021-01-16 15:00:00,-0.001,12.6,0.00,0.000,14.2,0.00,0.038,13.9,0.00,0.012,11.6,0.00,-0.007,11.8,0.00
1/16/2021 4:00 PM,2021-01-16 16:00:00,0.001,21.7,0.00,0.000,15.9,0.00,0.038,15.0,0.00,0.015,20.0,0.00,-0.005,23.3,0.00
1/16/2021 5:00 PM,2021-01-16 17:00:00,0.004,33.4,0.00,0.001,20.6,0.00,0.039,18.5,0.00,0.018,29.7,0.00,-0.003,35.6,0.00
1/16/2021 6:00 PM,2021-01-16 18:00:00,0.006,43.6,0.00,0.003,27.5,0.00,0.041,23.9,0.00,0.020,37.9,0.00,-0.001,46.9,0.00
1/16/2021 7:00 PM,2021-01-16 19:00:00,0.008,51.0,0.00,0.005,34.5,0.00,0.042,29.9,0.00,0.024,49.1,0.00,0.000,54.0,0.00
1/16/2021 8:00 PM,2021-01-16 20:00:00,0.009,58.0,0.00,0.007,40.6,0.00,0.044,35.9,0.00,0.026,56.5,0.00,0.001,57.5,0.00
1/16/2021 9:00 PM,2021-01-16 21:00:00,0.009,56.5,0.00,0.008,44.0,0.00,0.045,40.6,0.00,0.027,60.0,0.00,0.001,58.0,0.00
1/16/2021 10:00 PM,2021-01-16 22:00:00,0.008,55.0,0.00,0.008,45.7,0.00,0.046,44.0,0.00,0.024,57.0,0.00,-0.003,58.0,0.00
1/15/2021 1:00 AM,2021-01-15 01:00:00,0.002,30.4,0.00,0.005,36.8,0.00,0.043,39.5,0.00,0.017,31.8,0.00,-0.005,29.8,0.00
1/15/2021 2:00 AM,2021-01-15 02:00:00,0.001,24.8,0.00,0.003,32.5,0.00,0.042,35.6,0.00,0.016,25.4,0.00,-0.006,23.7,0.00
1/15/2021 3:00 AM,2021-01-15 03:00:00,0.001,22.8,0.00,0.003,29.5,0.00,0.041,32.3,0.00,0.015,23.0,0.00,-0.006,21.7,0.00
1/15/2021 4:00 AM,2021-01-15 04:00:00,0.000,20.4,0.00,0.002,27.0,0.00,0.041,29.4,0.00,0.014,20.7,0.00,-0.007,19.3,0.00
1/15/2021 5:00 AM,2021-01-15 05:00:00,0.000,18.5,0.00,0.002,25.2,0.00,0.040,27.2,0.00,0.013,18.6,0.00,-0.007,17.5,0.00
1/15/2021 6:00 AM,2021-01-15 06:00:00,-0.001,14.6,0.00,0.001,23.1,0.00,0.040,25.0,0.00,0.012,14.4,0.00,-0.008,13.4,0.00
1/15/2021 7:00 AM,2021-01-15 07:00:00,-0.002,13.1,0.00,0.001,21.2,0.00,0.040,22.8,0.00,0.011,13.0,0.00,-0.008,11.8,0.00
1/15/2021 8:00 AM,2021-01-15 08:00:00,-0.002,12.0,0.00,0.001,19.7,0.00,0.039,21.1,0.00,0.011,12.0,0.00,-0.008,10.9,0.00
1/15/2021 9:00 AM,2021-01-15 09:00:00,-0.002,10.7,0.00,0.000,18.3,0.00,0.039,19.5,0.00,0.011,10.6,0.00,-0.008,9.5,0.00
1/15/2021 10:00 AM,2021-01-15 10:00:00,-0.002,9.6,0.00,0.000,17.3,0.00,0.039,18.2,0.00,0.011,9.3,0.00,-0.008,8.4,0.00
1/15/2021 11:00 AM,2021-01-15 11:00:00,-0.002,9.1,0.00,0.000,16.3,0.00,0.038,17.1,0.00,0.011,8.8,0.00,-0.008,7.7,0.00
1/15/2021 12:00 PM,2021-01-15 12:00:00,-0.002,10.2,0.00,-0.001,15.6,0.00,0.038,16.2,0.00,0.011,9.9,0.00,-0.008,9.0,0.00
1/15/2021 1:00 PM,2021-01-15 13:00:00,0.000,17.0,0.00,0.000,16.0,0.00,0.038,16.0,0.00,0.012,14.3,0.00,-0.007,16.9,0.00
1/15/2021 2:00 PM,2021-01-15 14:00:00,0.002,27.4,0.00,0.001,18.8,0.00,0.038,17.7,0.00,0.015,23.4,0.00,-0.004,30.6,0.00
1/15/2021 3:00 PM,2021-01-15 15:00:00,0.004,37.1,0.00,0.002,23.0,0.00,0.039,21.4,0.00,0.018,32.9,0.00,-0.002,41.4,0.00
1/15/2021 4:00 PM,2021-01-15 16:00:00,0.006,48.1,0.00,0.003,30.5,0.00,0.041,27.0,0.00,0.020,41.6,0.00,-0.001,51.5,0.00
1/15/2021 5:00 PM,2021-01-15 17:00:00,0.008,53.5,0.00,0.005,37.8,0.00,0.042,33.2,0.00,0.023,50.0,0.00,0.001,57.5,0.00
1/15/2021 6:00 PM,2021-01-15 18:00:00,0.009,58.0,0.00,0.007,43.6,0.00,0.044,38.7,0.00,0.026,58.0,0.00,0.001,59.5,0.00
1/15/2021 1:00 AM,2021-01-15 01:00:00,0.002,28.0,0.00,0.005,35.3,0.00,0.044,37.9,0.00,0.018,29.2,0.00,-0.004,28.5,0.00
1/15/2021 2:00 AM,2021-01-15 02:00:00,0.004,35.3,0.00,0.005,34.8,0.00,0.043,36.0,0.00,0.021,39.6,0.00,-0.003,38.4,0.00
1/15/2021 3:00 AM,2021-01-15 03:00:00,0.003,29.9,0.00,0.004,33.5,0.00,0.043,35.1,0.00,0.018,31.6,0.00,-0.004,29.8,0.00
1/15/2021 4:00 AM,2021-01-15 04:00:00,0.002,21.9,0.00,0.004,30.5,0.00,0.042,32.6,0.00,0.017,22.5,0.00,-0.006,21.4,0.00
1/15/2021 5:00 AM,2021-01-15 05:00:00,0.001,18.0,0.00,0.003,26.7,0.00,0.041,29.2,0.00,0.015,18.0,0.00,-0.007,16.9,0.00
1/15/2021 6:00 AM,2021-01-15 06:00:00,0.001,15.0,0.00,0.003,23.8,0.00,0.041,26.2,0.00,0.015,15.0,0.00,-0.007,13.9,0.00
1/15/2021 7:00 AM,2021-01-15 07:00:00,0.001,16.0,0.00,0.002,22.4,0.00,0.040,24.2,0.00,0.015,16.1,0.00,-0.007,15.0,0.00
1/15/2021 8:00 AM,2021-01-15 08:00:00,0.000,14.9,0.00,0.002,21.1,0.00,0.040,22.6,0.00,0.014,14.6,0.00,-0.007,13.7,0.00
1/15/2021 9:00 AM,2021-01-15 09:00:00,-0.001,12.9,0.00,0.002,19.7,0.00,0.040,21.1,0.00,0.013,12.5,0.00,-0.007,11.8,0.00
1/15/2021 10:00 AM,2021-01-15 10:00:00,-0.001,11.5,0.00,0.001,18.4,0.00,0.039,19.6,0.00,0.013,11.2,0.00,-0.008,10.4,0.00
1/15/2021 11:00 AM,2021-01-15 11:00:00,-0.001,10.3,0.00,0.001,17.2,0.00,0.039,18.2,0.00,0.012,10.1,0.00,-0.008,9.2,0.00
1/15/2021 12:00 PM,2021-01-15 12:00:00,-0.001,10.9,0.00,0.001,16.4,0.00,0.039,17.2,0.00,0.013,10.8,0.00,-0.008,9.8,0.00
1/15/2021 1:00 PM,2021-01-15 13:00:00,-0.001,9.0,0.00,0.001,15.7,0.00,0.039,16.4,0.00,0.012,8.7,0.00,-0.008,7.8,0.00
1/15/2021 2:00 PM,2021-01-15 14:00:00,-0.001,8.7,0.00,0.001,14.9,0.00,0.038,15.5,0.00,0.012,8.3,0.00,-0.008,7.5,0.00
1/15/2021 3:00 PM,2021-01-15 15:00:00,-0.001,10.1,0.00,0.001,14.5,0.00,0.038,14.9,0.00,0.012,9.6,0.00,-0.008,9.0,0.00
1/15/2021 4:00 PM,2021-01-15 16:00:00,0.001,18.2,0.00,0.001,15.2,0.00,0.038,15.0,0.00,0.014,15.2,0.00,-0.005,18.9,0.00
1/15/2021 5:00 PM,2021-01-15 17:00:00,0.003,29.1,0.00,0.001,18.0,0.00,0.039,17.0,0.00,0.017,24.9,0.00,-0.003,33.7,0.00
1/15/2021 6:00 PM,2021-01-15 18:00:00,0.005,38.0,0.00,0.002,22.5,0.00,0.040,21.3,0.00,0.019,31.6,0.00,-0.002,41.5,0.00
1/15/2021 7:00 PM,2021-01-15 19:00:00,0.006,44.9,0.00,0.004,29.5,0.00,0.042,26.6,0.00,0.021,38.2,0.00,-0.001,49.2,0.00
1/15/2021 8:00 PM,2021-01-15 20:00:00,0.008,50.5,0.00,0.006,36.3,0.00,0.043,32.5,0.00,0.025,49.7,0.00,0.001,55.0,0.00
1/15/2021 1:00 AM,2021-01-15 01:00:00,0.001,27.7,0.00,0.004,35.9,0.00,0.042,39.4,0.00,0.016,29.2,0.00,-0.005,27.0,0.00
1/15/2021 2:00 AM,2021-01-15 02:00:00,0.000,22.4,0.00,0.003,31.7,0.00,0.041,35.3,0.00,0.014,23.3,0.00,-0.007,21.5,0.00
1/15/2021 3:00 AM,2021-01-15 03:00:00,-0.001,18.4,0.00,0.002,28.1,0.00,0.040,31.4,0.00,0.013,19.1,0.00,-0.007,17.5,0.00
1/15/2021 4:00 AM,2021-01-15 04:00:00,-0.001,15.2,0.00,0.001,25.1,0.00,0.040,28.0,0.00,0.012,15.6,0.00,-0.008,14.0,0.00
1/15/2021 5:00 AM,2021-01-15 05:00:00,-0.002,13.2,0.00,0.001,22.8,0.00,0.039,25.2,0.00,0.011,13.3,0.00,-0.008,11.9,0.00
1/15/2021 6:00 AM,2021-01-15 06:00:00,-0.002,11.8,0.00,0.001,20.9,0.00,0.039,22.8,0.00,0.010,12.0,0.00,-0.008,10.6,0.00
1/15/2021 7:00 AM,2021-01-15 07:00:00,-0.002,10.7,0.00,0.000,19.3,0.00,0.038,20.9,0.00,0.010,10.9,0.00,-0.008,9.5,0.00
1/15/2021 8:00 AM,2021-01-15 08:00:00,-0.003,9.4,0.00,0.000,18.0,0.00,0.038,19.3,0.00,0.010,9.3,0.00,-0.009,8.0,0.00
1/15/2021 9:00 AM,2021-01-15 09:00:00,-0.003,8.5,0.00,-0.001,16.8,0.00,0.038,17.8,0.00,0.010,8.6,0.00,-0.009,7.3,0.00
1/15/2021 10:00 AM,2021-01-15 10:00:00,-0.003,7.5,0.00,-0.001,15.7,0.00,0.037,16.6,0.00,0.009,7.3,0.00,-0.009,6.2,0.00
1/15/2021 11:00 AM,2021-01-15 11:00:00,-0.003,6.7,0.00,-0.001,14.8,0.00,0.036,15.5,0.00,0.009,6.6,0.00,-0.009,5.3,0.00
1/15/2021 12:00 PM,2021-01-15 12:00:00,-0.002,8.4,0.00,-0.001,14.2,0.00,0.036,14.6,0.00,0.010,8.4,0.00,-0.008,7.3,0.00
1/15/2021 1:00 PM,2021-01-15 13:00:00,-0.002,13.9,0.00,-0.001,14.9,0.00,0.036,14.7,0.00,0.011,12.5,0.00,-0.007,13.5,0.00
1/15/2021 2:00 PM,2021-01-15 14:00:00,0.001,25.6,0.00,-0.001,17.3,0.00,0.037,16.2,0.00,0.013,22.5,0.00,-0.004,28.2,0.00
1/15/2021 3:00 PM,2021-01-15 15:00:00,0.003,35.9,0.00,0.001,21.4,0.00,0.038,20.0,0.00,0.017,30.9,0.00,-0.003,38.6,0.00
